{
  "confusion_matrix": [
    [
      74,
      51
    ],
    [
      20,
      55
    ]
  ],
  "classification_report": "              precision    recall  f1-score   support\n\n           0       0.79      0.59      0.68       125\n           1       0.52      0.73      0.61        75\n\n    accuracy                           0.65       200\n   macro avg       0.65      0.66      0.64       200\nweighted avg       0.69      0.65      0.65       200\n",
  "roc_auc": 0.6743466666666668,
  "pr_auc": 0.5292486110412526,
  "precision_churn": 0.5188679245283019,
  "recall_churn": 0.7333333333333333,
  "f1": 0.6077348066298343,
  "threshold": 0.37666666666666665,
  "threshold_metric_value": 0.6077348066298343
}